ObjectID,imagelink,SortOrder,Caption,CreditLine,AutryObjectURL
81.G.2,http://collections.theautry.org/MWEBimages/art_001/thumb/CT_18.jpg,1,,"Image courtesy of Braun Research Library Collection, Autry Museum of the American West",http://collections.theautry.org/mwebcgi/mweb.exe?request=record;id=M239092;type=101
87.46.1,http://collections.theautry.org/MWEBimages/cat08_001/thumb/87_46_1.jpg,,,Image courtesy of Autry Museum of the American West,http://collections.theautry.org/mwebcgi/mweb.exe?request=record;id=M554154;type=101
88.108.1,http://collections.theautry.org/MWEBimages/cat08_001/thumb/88_108_1.jpg,,,Image courtesy of Autry Museum of the American West,http://collections.theautry.org/mwebcgi/mweb.exe?request=record;id=M513940;type=101
88.108.2,http://collections.theautry.org/MWEBimages/cat08_001/thumb/88_108_2.jpg,,,Image courtesy of Autry Museum of the American West,http://collections.theautry.org/mwebcgi/mweb.exe?request=record;id=M535169;type=101
88.108.3,http://collections.theautry.org/MWEBimages/cat08_001/thumb/88_108_3.jpg,,,Image courtesy of Autry Museum of the American West,http://collections.theautry.org/mwebcgi/mweb.exe?request=record;id=M524711;type=101
88.108.4,http://collections.theautry.org/MWEBimages/cat08_001/thumb/88_108_43.jpg,,,Image courtesy of Autry Museum of the American West,http://collections.theautry.org/mwebcgi/mweb.exe?request=record;id=M502095;type=101
88.108.7,http://collections.theautry.org/MWEBimages/cat08_001/thumb/88_108_7.jpg,,,Image courtesy of Autry Museum of the American West,http://collections.theautry.org/mwebcgi/mweb.exe?request=record;id=M567042;type=101
88.108.9,http://collections.theautry.org/MWEBimages/cat08_001/thumb/88_108_9.jpg,,,Image courtesy of Autry Museum of the American West,http://collections.theautry.org/mwebcgi/mweb.exe?request=record;id=M558077;type=101
88.108.10,http://collections.theautry.org/MWEBimages/cat08_001/thumb/88_108_10.jpg,,,Image courtesy of Autry Museum of the American West,http://collections.theautry.org/mwebcgi/mweb.exe?request=record;id=M535163;type=101
88.108.11,http://collections.theautry.org/MWEBimages/cat08_001/thumb/88_108_11.jpg,,,Image courtesy of Autry Museum of the American West,http://collections.theautry.org/mwebcgi/mweb.exe?request=record;id=M564048;type=101
88.108.13,http://collections.theautry.org/MWEBimages/cat08_009/thumb/88_108_13.jpg,,,Image courtesy of Autry Museum of the American West,http://collections.theautry.org/mwebcgi/mweb.exe?request=record;id=M548293;type=101
88.108.21,http://collections.theautry.org/MWEBimages/cat08_001/thumb/88_108_21.jpg,,,Image courtesy of Autry Museum of the American West,http://collections.theautry.org/mwebcgi/mweb.exe?request=record;id=M533760;type=101
88.108.22,http://collections.theautry.org/MWEBimages/cat08_001/thumb/88_108_22.jpg,1,,Image courtesy of Autry Museum of the American West,http://collections.theautry.org/mwebcgi/mweb.exe?request=record;id=M546448;type=101
88.108.23,http://collections.theautry.org/MWEBimages/cat08_001/thumb/88_108_23.jpg,,,Image courtesy of Autry Museum of the American West,http://collections.theautry.org/mwebcgi/mweb.exe?request=record;id=M547970;type=101
88.108.26,http://collections.theautry.org/MWEBimages/cat08_001/thumb/88_108_26.jpg,1,,Image courtesy of Autry Museum of the American West,http://collections.theautry.org/mwebcgi/mweb.exe?request=record;id=M524793;type=101
88.108.27,http://collections.theautry.org/MWEBimages/cat08_001/thumb/88_108_27.jpg,,,Image courtesy of Autry Museum of the American West,http://collections.theautry.org/mwebcgi/mweb.exe?request=record;id=M533180;type=101
88.108.30,http://collections.theautry.org/MWEBimages/cat08_001/thumb/88_108_30.jpg,,,Image courtesy of Autry Museum of the American West,http://collections.theautry.org/mwebcgi/mweb.exe?request=record;id=M501957;type=101
88.108.31,http://collections.theautry.org/MWEBimages/cat08_001/thumb/88_108_31.jpg,,,Image courtesy of Autry Museum of the American West,http://collections.theautry.org/mwebcgi/mweb.exe?request=record;id=M531542;type=101
88.108.33,http://collections.theautry.org/MWEBimages/cat08_001/thumb/88_108_33.jpg,1,,Image courtesy of Autry Museum of the American West,http://collections.theautry.org/mwebcgi/mweb.exe?request=record;id=M557784;type=101
88.108.47,http://collections.theautry.org/MWEBimages/cat08_026/thumb/88_108_47.jpg,1,,Image courtesy of Autry Museum of the American West,http://collections.theautry.org/mwebcgi/mweb.exe?request=record;id=M549822;type=101
88.108.47,http://collections.theautry.org/MWEBimages/cat08_026/thumb/88_108_47detail1.jpg,2,,Image courtesy of Autry Museum of the American West,http://collections.theautry.org/mwebcgi/mweb.exe?request=record;id=M549822;type=101
88.108.63,http://collections.theautry.org/MWEBimages/cat08_001/thumb/88_108_63.jpg,,,Image courtesy of Autry Museum of the American West,http://collections.theautry.org/mwebcgi/mweb.exe?request=record;id=M535943;type=101
89.54.1,http://collections.theautry.org/MWEBimages/cat03_001/thumb/89_54_1.jpg,,,Image courtesy of Autry Museum of the American West,http://collections.theautry.org/mwebcgi/mweb.exe?request=record;id=M544717;type=101
89.223.1,http://collections.theautry.org/MWEBimages/cat08_001/thumb/89_223_1.jpg,,,Image courtesy of Autry Museum of the American West; Copyright Estate of Oscar Berninghaus.,http://collections.theautry.org/mwebcgi/mweb.exe?request=record;id=M526631;type=101
90.139.1,http://collections.theautry.org/MWEBimages/cat08_001/thumb/90_139_1.jpg,,,Image courtesy of Autry Museum of the American West,http://collections.theautry.org/mwebcgi/mweb.exe?request=record;id=M542313;type=101
90.141.1,http://collections.theautry.org/MWEBimages/cat08_001/thumb/90_141_1.jpg,,,Image courtesy of Autry Museum of the American West,http://collections.theautry.org/mwebcgi/mweb.exe?request=record;id=M519759;type=101
90.142.2,http://collections.theautry.org/MWEBimages/cat08_001/thumb/90_142_2.jpg,,,Image courtesy of Autry Museum of the American West,http://collections.theautry.org/mwebcgi/mweb.exe?request=record;id=M504259;type=101
90.142.3,http://collections.theautry.org/MWEBimages/cat08_001/thumb/90_142_3.jpg,,,Image courtesy of Autry Museum of the American West; Copyright Estate of Frank Tenney Johnson.,http://collections.theautry.org/mwebcgi/mweb.exe?request=record;id=M507038;type=101
90.209.1,http://collections.theautry.org/MWEBimages/cat08_001/thumb/90_209_1.jpg,,,Image courtesy of Autry Museum of the American West,http://collections.theautry.org/mwebcgi/mweb.exe?request=record;id=M530161;type=101
90.232.3,http://collections.theautry.org/MWEBimages/cat08_001/thumb/90_232_3.jpg,,,Image courtesy of Autry Museum of the American West,http://collections.theautry.org/mwebcgi/mweb.exe?request=record;id=M564497;type=101
90.238.3,http://collections.theautry.org/MWEBimages/art_006/thumb/90_238_3.jpg,1,,Image courtesy of Autry Museum of the American West,http://collections.theautry.org/mwebcgi/mweb.exe?request=record;id=M565945;type=101
90.242.1,http://collections.theautry.org/MWEBimages/cat08_001/thumb/90_242_1.jpg,,,Image courtesy of Autry Museum of the American West; Copyright Luis Tapia.,http://collections.theautry.org/mwebcgi/mweb.exe?request=record;id=M556150;type=101
91.41.1,http://collections.theautry.org/MWEBimages/cat02_001/thumb/91_41_1.jpg,,multiple objects,Image courtesy of Autry Museum of the American West,http://collections.theautry.org/mwebcgi/mweb.exe?request=record;id=M519721;type=101
91.41.2,http://collections.theautry.org/MWEBimages/cat02_001/thumb/91_41_1.jpg,,multiple objects,Image courtesy of Autry Museum of the American West,http://collections.theautry.org/mwebcgi/mweb.exe?request=record;id=M565092;type=101
91.42.1,http://collections.theautry.org/MWEBimages/cat02_001/thumb/91_42_1.jpg,,,Image courtesy of Autry Museum of the American West,http://collections.theautry.org/mwebcgi/mweb.exe?request=record;id=M539049;type=101
91.145.1,http://collections.theautry.org/MWEBimages/cat08_001/thumb/91_145_1.jpg,,,Image courtesy of Autry Museum of the American West; Copyright Jimmy E. Trujillo.,http://collections.theautry.org/mwebcgi/mweb.exe?request=record;id=M511451;type=101
91.176.1,http://collections.theautry.org/MWEBimages/cat08_001/thumb/91_176_1.jpg,,,Image courtesy of Autry Museum of the American West,http://collections.theautry.org/mwebcgi/mweb.exe?request=record;id=M554498;type=101
91.183.1,http://collections.theautry.org/MWEBimages/cat08_001/thumb/91_183_1.jpg,,,Image courtesy of Autry Museum of the American West,http://collections.theautry.org/mwebcgi/mweb.exe?request=record;id=M503920;type=101
91.183.2,http://collections.theautry.org/MWEBimages/cat08_001/thumb/91_183_2.jpg,,,Image courtesy of Autry Museum of the American West,http://collections.theautry.org/mwebcgi/mweb.exe?request=record;id=M556938;type=101
91.221.33,http://collections.theautry.org/MWEBimages/cat08_001/thumb/91_221_33.jpg,1,,Image courtesy of Autry Museum of the American West,http://collections.theautry.org/mwebcgi/mweb.exe?request=record;id=M511135;type=101
91.221.49,http://collections.theautry.org/MWEBimages/cat08_001/thumb/91_221_49.jpg,,,Image courtesy of Autry Museum of the American West,http://collections.theautry.org/mwebcgi/mweb.exe?request=record;id=M551718;type=101
91.228.2,http://collections.theautry.org/MWEBimages/cat08_001/thumb/91_228_2.jpg,,,Image courtesy of Autry Museum of the American West; Copyright Ruth Koerner Oliver.,http://collections.theautry.org/mwebcgi/mweb.exe?request=record;id=M557972;type=101
92.6.1,http://collections.theautry.org/MWEBimages/cat08_001/thumb/92_6_1.jpg,,,Image courtesy of Autry Museum of the American West,http://collections.theautry.org/mwebcgi/mweb.exe?request=record;id=M552972;type=101
92.126.1,http://collections.theautry.org/MWEBimages/cat08_001/thumb/92_126_1.jpg,,,Image courtesy of Autry Museum of the American West,http://collections.theautry.org/mwebcgi/mweb.exe?request=record;id=M545330;type=101
92.147.1,http://collections.theautry.org/MWEBimages/cat08_001/thumb/92_147_1.jpg,,,Image courtesy of Autry Museum of the American West,http://collections.theautry.org/mwebcgi/mweb.exe?request=record;id=M525994;type=101
92.178.1,http://collections.theautry.org/MWEBimages/cat08_001/thumb/92_178_1.jpg,,,Image courtesy of Autry Museum of the American West,http://collections.theautry.org/mwebcgi/mweb.exe?request=record;id=M509475;type=101
92.192.1,http://collections.theautry.org/MWEBimages/cat08_001/thumb/92_192_1.jpg,,,Image courtesy of Autry Museum of the American West,http://collections.theautry.org/mwebcgi/mweb.exe?request=record;id=M511982;type=101
92.197.1,http://collections.theautry.org/MWEBimages/cat08_001/thumb/92_197_1.jpg,,,Image courtesy of Autry Museum of the American West,http://collections.theautry.org/mwebcgi/mweb.exe?request=record;id=M528194;type=101
93.99.4,http://collections.theautry.org/MWEBimages/cat08_001/thumb/93_99_4.jpg,,,Image courtesy of Autry Museum of the American West,http://collections.theautry.org/mwebcgi/mweb.exe?request=record;id=M555132;type=101
93.120.1,http://collections.theautry.org/MWEBimages/cat08_001/thumb/93_120_1.jpg,,,Image courtesy of Autry Museum of the American West,http://collections.theautry.org/mwebcgi/mweb.exe?request=record;id=M554929;type=101
93.131.1,http://collections.theautry.org/MWEBimages/cat03_001/thumb/93_131_1.jpg,,,Image courtesy of Autry Museum of the American West,http://collections.theautry.org/mwebcgi/mweb.exe?request=record;id=M547307;type=101
93.173.1,http://collections.theautry.org/MWEBimages/cat08_001/thumb/93_173_1.jpg,1,,Image courtesy of Autry Museum of the American West,http://collections.theautry.org/mwebcgi/mweb.exe?request=record;id=M519240;type=101
93.187.2,http://collections.theautry.org/MWEBimages/cat08_026/thumb/93_187_2.jpg,1,,Image courtesy of Autry Museum of the American West; Copyright David Levinthal.,http://collections.theautry.org/mwebcgi/mweb.exe?request=record;id=M563532;type=101
93.187.3,http://collections.theautry.org/MWEBimages/cat08_026/thumb/93_187_3.jpg,1,,Image courtesy of Autry Museum of the American West; Copyright David Levinthal.,http://collections.theautry.org/mwebcgi/mweb.exe?request=record;id=M500392;type=101
93.187.4,http://collections.theautry.org/MWEBimages/cat08_026/thumb/93_187_4.jpg,1,,Image courtesy of Autry Museum of the American West; Copyright David Levinthal.,http://collections.theautry.org/mwebcgi/mweb.exe?request=record;id=M528828;type=101
93.200.1,http://collections.theautry.org/MWEBimages/cat08_026/thumb/93_200_1.jpg,1,,Image courtesy of Autry Museum of the American West; Copyright David Levinthal.,http://collections.theautry.org/mwebcgi/mweb.exe?request=record;id=M530029;type=101
93.200.2,http://collections.theautry.org/MWEBimages/cat08_026/thumb/93_200_2.jpg,1,,Image courtesy of Autry Museum of the American West; Copyright David Levinthal.,http://collections.theautry.org/mwebcgi/mweb.exe?request=record;id=M542819;type=101
93.225.27,http://collections.theautry.org/MWEBimages/cat07_001/thumb/93_225_27detail.jpg,,detail,Image courtesy of Autry Museum of the American West,http://collections.theautry.org/mwebcgi/mweb.exe?request=record;id=M551211;type=101
93.225.27,http://collections.theautry.org/MWEBimages/cat07_001/thumb/93_225_27.jpg,1,,Image courtesy of Autry Museum of the American West,http://collections.theautry.org/mwebcgi/mweb.exe?request=record;id=M551211;type=101
93.225.27,http://collections.theautry.org/MWEBimages/cat07_002/thumb/93_225_27detail1.jpg,2,,Image courtesy of Autry Museum of the American West,http://collections.theautry.org/mwebcgi/mweb.exe?request=record;id=M551211;type=101
93.225.27,http://collections.theautry.org/MWEBimages/cat07_002/thumb/93_225_27detail2.jpg,3,,Image courtesy of Autry Museum of the American West,http://collections.theautry.org/mwebcgi/mweb.exe?request=record;id=M551211;type=101
93.225.27,http://collections.theautry.org/MWEBimages/cat07_002/thumb/93_225_27detail3.jpg,4,detail,Image courtesy of Autry Museum of the American West,http://collections.theautry.org/mwebcgi/mweb.exe?request=record;id=M551211;type=101
93.225.27,http://collections.theautry.org/MWEBimages/cat07_002/thumb/93_225_27detail4.jpg,5,detail,Image courtesy of Autry Museum of the American West,http://collections.theautry.org/mwebcgi/mweb.exe?request=record;id=M551211;type=101
93.225.27,http://collections.theautry.org/MWEBimages/cat07_002/thumb/93_225_27detail5.jpg,6,detail,Image courtesy of Autry Museum of the American West,http://collections.theautry.org/mwebcgi/mweb.exe?request=record;id=M551211;type=101
96.38.1,http://collections.theautry.org/MWEBimages/cat08_001/thumb/96_38_1.jpg,,,Image courtesy of Autry Museum of the American West,http://collections.theautry.org/mwebcgi/mweb.exe?request=record;id=M501238;type=101
96.40.1,http://collections.theautry.org/MWEBimages/cat08_022/thumb/96_40_1.jpg,1,,Image courtesy of Autry Museum of the American West,http://collections.theautry.org/mwebcgi/mweb.exe?request=record;id=M534623;type=101
97.70.1,http://collections.theautry.org/MWEBimages/cat07_002/thumb/97_70_1detail10.jpg,1,,Image courtesy of Autry Museum of the American West,http://collections.theautry.org/mwebcgi/mweb.exe?request=record;id=M508631;type=101
97.70.1,http://collections.theautry.org/MWEBimages/cat07_002/thumb/97_70_1detail1.jpg,2,detail 1,Image courtesy of Autry Museum of the American West,http://collections.theautry.org/mwebcgi/mweb.exe?request=record;id=M508631;type=101
97.70.1,http://collections.theautry.org/MWEBimages/cat07_002/thumb/97_70_1detail2.jpg,3,detail 2,Image courtesy of Autry Museum of the American West,http://collections.theautry.org/mwebcgi/mweb.exe?request=record;id=M508631;type=101
97.70.1,http://collections.theautry.org/MWEBimages/cat07_001/thumb/97_70_1.jpg,4,sunset background,Image courtesy of Autry Museum of the American West,http://collections.theautry.org/mwebcgi/mweb.exe?request=record;id=M508631;type=101
97.88.1,http://collections.theautry.org/MWEBimages/cat08_001/thumb/97_88_1.jpg,,,Image courtesy of Autry Museum of the American West,http://collections.theautry.org/mwebcgi/mweb.exe?request=record;id=M512880;type=101
98.56.1,http://collections.theautry.org/MWEBimages/art_001/thumb/98_56_1.jpg,,,Image courtesy of Autry Museum of the American West,http://collections.theautry.org/mwebcgi/mweb.exe?request=record;id=M538704;type=101
99.1.1,http://collections.theautry.org/MWEBimages/cat08_001/thumb/99_1_1.jpg,1,,Image courtesy of Autry Museum of the American West,http://collections.theautry.org/mwebcgi/mweb.exe?request=record;id=M567270;type=101
99.6.1,http://collections.theautry.org/MWEBimages/cat07_001/thumb/99_6_1.jpg,,,Image courtesy of Autry Museum of the American West,http://collections.theautry.org/mwebcgi/mweb.exe?request=record;id=M567247;type=101
151.G.1,http://collections.theautry.org/MWEBimages/art_003/thumb/151_G_1.jpg,1,,"Image courtesy of Braun Research Library Collection, Autry Museum of the American West",http://collections.theautry.org/mwebcgi/mweb.exe?request=record;id=M120568;type=101
151.G.1,http://collections.theautry.org/MWEBimages/art_003/thumb/151_G_1_detail1.jpg,2,"detail, central panel","Image courtesy of Braun Research Library Collection, Autry Museum of the American West",http://collections.theautry.org/mwebcgi/mweb.exe?request=record;id=M120568;type=101
151.G.6,http://collections.theautry.org/MWEBimages/art_003/thumb/151_G_6.jpg,1,,"Image courtesy of Southwest Museum of the American Indian Collection, Autry Museum of the American West",http://collections.theautry.org/mwebcgi/mweb.exe?request=record;id=M120608;type=101
153.L.7,http://collections.theautry.org/MWEBimages/ethnographic_028/thumb/153_L_7detail2.jpg,1,,"Image courtesy of Southwest Museum of the American Indian Collection, Autry Museum of the American West",http://collections.theautry.org/mwebcgi/mweb.exe?request=record;id=M201907;type=101
309.L.6,http://collections.theautry.org/MWEBimages/ethnographic_029/thumb/309_L_6.jpg,1,,"Image courtesy of Southwest Museum of the American Indian Collection, Autry Museum of the American West",http://collections.theautry.org/mwebcgi/mweb.exe?request=record;id=M42362;type=101
309.L.6,http://collections.theautry.org/MWEBimages/ethnographic_029/thumb/309_L_6detail1.jpg,2,,"Image courtesy of Southwest Museum of the American Indian Collection, Autry Museum of the American West",http://collections.theautry.org/mwebcgi/mweb.exe?request=record;id=M42362;type=101
309.L.6,http://collections.theautry.org/MWEBimages/ethnographic_001/thumb/CT_39.jpg,3,,"Image courtesy of Southwest Museum of the American Indian Collection, Autry Museum of the American West",http://collections.theautry.org/mwebcgi/mweb.exe?request=record;id=M42362;type=101
491.G.955,http://collections.theautry.org/MWEBimages/ceramics_002/thumb/491_G_955.jpg,1,,"Image courtesy of Southwest Museum of the American Indian Collection, Autry Museum of the American West",http://collections.theautry.org/mwebcgi/mweb.exe?request=record;id=M144327;type=101
491.G.955,http://collections.theautry.org/MWEBimages/ceramics_002/thumb/491_G_955detail2.jpg,2,,"Image courtesy of Southwest Museum of the American Indian Collection, Autry Museum of the American West",http://collections.theautry.org/mwebcgi/mweb.exe?request=record;id=M144327;type=101
491.G.955,http://collections.theautry.org/MWEBimages/ceramics_002/thumb/491_G_955detail1.jpg,3,,"Image courtesy of Southwest Museum of the American Indian Collection, Autry Museum of the American West",http://collections.theautry.org/mwebcgi/mweb.exe?request=record;id=M144327;type=101
491.G.1468AABB,http://collections.theautry.org/MWEBimages/ethnographic_020/thumb/491_G_1468AABB.jpg,1,,"Image courtesy of Southwest Museum of the American Indian Collection, Autry Museum of the American West",http://collections.theautry.org/mwebcgi/mweb.exe?request=record;id=M658854;type=101
491.G.1468AABB,http://collections.theautry.org/MWEBimages/ethnographic_020/thumb/491_G_1468AABBdetail1.jpg,2,back,"Image courtesy of Southwest Museum of the American Indian Collection, Autry Museum of the American West",http://collections.theautry.org/mwebcgi/mweb.exe?request=record;id=M658854;type=101
491.G.2137,http://collections.theautry.org/MWEBimages/ceramics_016/thumb/491_G_2137.jpg,1,,"Image courtesy of Southwest Museum of the American Indian Collection, Autry Museum of the American West",http://collections.theautry.org/mwebcgi/mweb.exe?request=record;id=M195762;type=101
491.G.2137,http://collections.theautry.org/MWEBimages/ceramics_016/thumb/491_G_2137detail1.jpg,2,detail,"Image courtesy of Southwest Museum of the American Indian Collection, Autry Museum of the American West",http://collections.theautry.org/mwebcgi/mweb.exe?request=record;id=M195762;type=101
496.G.57,http://collections.theautry.org/MWEBimages/art_006/thumb/496_G_57detail1.jpg,1,,"Image courtesy of Southwest Museum of the American Indian Collection, Autry Museum of the American West",http://collections.theautry.org/mwebcgi/mweb.exe?request=record;id=M242008;type=101
535.G.489,http://collections.theautry.org/MWEBimages/textiles_001/thumb/CT_766.jpg,1,,"Image courtesy of Southwest Museum of the American Indian Collection, Autry Museum of the American West; Photo by Schenck and Schenck; Southwest Museum.",http://collections.theautry.org/mwebcgi/mweb.exe?request=record;id=M92621;type=101
535.G.627,http://collections.theautry.org/MWEBimages/textiles_001/thumb/CT_812.jpg,1,,"Image courtesy of Southwest Museum of the American Indian Collection, Autry Museum of the American West; Photo by Schenck and Schenck; Southwest Museum.",http://collections.theautry.org/mwebcgi/mweb.exe?request=record;id=M93111;type=101
535.G.741,http://collections.theautry.org/MWEBimages/textiles_001/thumb/CT_836.jpg,1,,"Image courtesy of Southwest Museum of the American Indian Collection, Autry Museum of the American West; Photo by Schenck and Schenck; Southwest Museum.",http://collections.theautry.org/mwebcgi/mweb.exe?request=record;id=M93506;type=101
609.G.717,http://collections.theautry.org/MWEBimages/art_003/thumb/609_G_717.jpg,1,,"Image courtesy of Southwest Museum of the American Indian Collection, Autry Museum of the American West",http://collections.theautry.org/mwebcgi/mweb.exe?request=record;id=M11707;type=101
630.G.38,http://collections.theautry.org/MWEBimages/textiles_001/thumb/CT_873.jpg,1,,"Image courtesy of Southwest Museum of the American Indian Collection, Autry Museum of the American West; Photo by Schenck and Schenck; Southwest Museum.",http://collections.theautry.org/mwebcgi/mweb.exe?request=record;id=M84609;type=101
653.G.1,http://collections.theautry.org/MWEBimages/art_001/thumb/CT_105.jpg,1,,"Image courtesy of Southwest Museum of the American Indian Collection, Autry Museum of the American West",http://collections.theautry.org/mwebcgi/mweb.exe?request=record;id=M36786;type=101
757.G.1,http://collections.theautry.org/MWEBimages/ethnographic_001/thumb/CT_29.jpg,,,"Image courtesy of Southwest Museum of the American Indian Collection, Autry Museum of the American West",http://collections.theautry.org/mwebcgi/mweb.exe?request=record;id=M35736;type=101
757.G.1,http://collections.theautry.org/MWEBimages/ethnographic_027/thumb/757_G_1.jpg,1,,"Image courtesy of Southwest Museum of the American Indian Collection, Autry Museum of the American West",http://collections.theautry.org/mwebcgi/mweb.exe?request=record;id=M35736;type=101
757.G.2,http://collections.theautry.org/MWEBimages/ethnographic_001/thumb/CT_29.jpg,,,"Image courtesy of Southwest Museum of the American Indian Collection, Autry Museum of the American West",http://collections.theautry.org/mwebcgi/mweb.exe?request=record;id=M35740;type=101
757.G.2,http://collections.theautry.org/MWEBimages/ethnographic_027/thumb/757_G_2.jpg,1,,"Image courtesy of Southwest Museum of the American Indian Collection, Autry Museum of the American West",http://collections.theautry.org/mwebcgi/mweb.exe?request=record;id=M35740;type=101
811.G.2440,http://collections.theautry.org/MWEBimages/basketry_016/thumb/811_G_2440detail1.jpg,1,,"Image courtesy of Southwest Museum of the American Indian Collection, Autry Museum of the American West",http://collections.theautry.org/mwebcgi/mweb.exe?request=record;id=M198712;type=101
811.G.2440,http://collections.theautry.org/MWEBimages/basketry_016/thumb/811_G_2440.jpg,2,side view,"Image courtesy of Southwest Museum of the American Indian Collection, Autry Museum of the American West",http://collections.theautry.org/mwebcgi/mweb.exe?request=record;id=M198712;type=101
811.G.2440,http://collections.theautry.org/MWEBimages/basketry_016/thumb/811_G_2440detail2.jpg,3,design detail,"Image courtesy of Southwest Museum of the American Indian Collection, Autry Museum of the American West",http://collections.theautry.org/mwebcgi/mweb.exe?request=record;id=M198712;type=101
811.G.2440,http://collections.theautry.org/MWEBimages/basketry_016/thumb/811_G_2440detail3.jpg,4,rim detail,"Image courtesy of Southwest Museum of the American Indian Collection, Autry Museum of the American West",http://collections.theautry.org/mwebcgi/mweb.exe?request=record;id=M198712;type=101
1314.G.1,http://collections.theautry.org/MWEBimages/ceramics_016/thumb/1314_G_1.jpg,1,,"Image courtesy of Southwest Museum of the American Indian Collection, Autry Museum of the American West",http://collections.theautry.org/mwebcgi/mweb.exe?request=record;id=M46056;type=101
2000.4.1,http://collections.theautry.org/MWEBimages/cat04_001/thumb/2000_4_1.jpg,1,view 1,Image courtesy of Autry Museum of the American West,http://collections.theautry.org/mwebcgi/mweb.exe?request=record;id=M570928;type=101
2000.4.1,http://collections.theautry.org/MWEBimages/cat02_002/thumb/2000_4_1detail10.jpg,2,view 2,Image courtesy of Autry Museum of the American West,http://collections.theautry.org/mwebcgi/mweb.exe?request=record;id=M570928;type=101
2000.4.1,http://collections.theautry.org/MWEBimages/cat02_002/thumb/2000_4_1detail11.jpg,3,view 3,Image courtesy of Autry Museum of the American West,http://collections.theautry.org/mwebcgi/mweb.exe?request=record;id=M570928;type=101
2001.60.1,http://collections.theautry.org/MWEBimages/cat08_001/thumb/2001_60_1.jpg,,,Image courtesy of Autry Museum of the American West,http://collections.theautry.org/mwebcgi/mweb.exe?request=record;id=M542990;type=101
2002.3.1,http://collections.theautry.org/MWEBimages/art_006/thumb/2002_3_1detail1.jpg,1,,Image courtesy of Autry Museum of the American West,http://collections.theautry.org/mwebcgi/mweb.exe?request=record;id=M579493;type=101
2002.3.1,http://collections.theautry.org/MWEBimages/cat08_009/thumb/2002_3_1.jpg,2,,Image courtesy of Autry Museum of the American West; Copyright Mian Situ.,http://collections.theautry.org/mwebcgi/mweb.exe?request=record;id=M579493;type=101
2002.41.4,http://collections.theautry.org/MWEBimages/art_003/thumb/2002_41_4.jpg,1,,Image courtesy of Autry Museum of the American West,http://collections.theautry.org/mwebcgi/mweb.exe?request=record;id=M581005;type=101
2002.66.1,http://collections.theautry.org/MWEBimages/cat08_021/thumb/2002_66_1.jpg,1,,Image courtesy of Autry Museum of the American West,http://collections.theautry.org/mwebcgi/mweb.exe?request=record;id=M583502;type=101
2003.1.1,http://collections.theautry.org/MWEBimages/cat08_009/thumb/2003_1_1.jpg,1,,Image courtesy of Autry Museum of the American West,http://collections.theautry.org/mwebcgi/mweb.exe?request=record;id=M582421;type=101
2003.106.1,http://collections.theautry.org/MWEBimages/art_003/thumb/2003_106_1.jpg,1,,Image courtesy of Autry Museum of the American West,http://collections.theautry.org/mwebcgi/mweb.exe?request=record;id=M593105;type=101
2004.23.1,http://collections.theautry.org/MWEBimages/cat08_021/thumb/2004_23_1.jpg,,,Image courtesy of Autry Museum of the American West,http://collections.theautry.org/mwebcgi/mweb.exe?request=record;id=M596564;type=101
2004.23.2,http://collections.theautry.org/MWEBimages/cat08_022/thumb/2004_23_2.jpg,1,,Image courtesy of Autry Museum of the American West,http://collections.theautry.org/mwebcgi/mweb.exe?request=record;id=M596565;type=101
2004.25.1,http://collections.theautry.org/MWEBimages/cat05_001/thumb/2004_25_1.jpg,1,,Image courtesy of Autry Museum of the American West,http://collections.theautry.org/mwebcgi/mweb.exe?request=record;id=M596566;type=101
2004.25.1,http://collections.theautry.org/MWEBimages/cat05_001/thumb/2004_25_1Detail.jpg,2,detail,Image courtesy of Autry Museum of the American West,http://collections.theautry.org/mwebcgi/mweb.exe?request=record;id=M596566;type=101
2005.15.1,http://collections.theautry.org/MWEBimages/cat08_023/thumb/2005_15_1.jpg,1,,Image courtesy of Autry Museum of the American West,http://collections.theautry.org/mwebcgi/mweb.exe?request=record;id=M600421;type=101
2005.16.1,http://collections.theautry.org/MWEBimages/ethnographic_019/thumb/2005_16_1.jpg,1,,Image courtesy of Autry Museum of the American West,http://collections.theautry.org/mwebcgi/mweb.exe?request=record;id=M600504;type=101
2005.16.1,http://collections.theautry.org/MWEBimages/cat08_021/thumb/T2005_65_1A.jpg,2,b side,Image courtesy of Autry Museum of the American West,http://collections.theautry.org/mwebcgi/mweb.exe?request=record;id=M600504;type=101
2005.16.1,http://collections.theautry.org/MWEBimages/cat08_021/thumb/T2005_65_1B.jpg,3,a side,Image courtesy of Autry Museum of the American West,http://collections.theautry.org/mwebcgi/mweb.exe?request=record;id=M600504;type=101
2005.16.1,http://collections.theautry.org/MWEBimages/cat08_021/thumb/T2005_65_1DetailA.jpg,4,detail 1,Image courtesy of Autry Museum of the American West,http://collections.theautry.org/mwebcgi/mweb.exe?request=record;id=M600504;type=101
2005.16.1,http://collections.theautry.org/MWEBimages/cat08_021/thumb/T2005_65_1DetailB.jpg,5,detail 2,Image courtesy of Autry Museum of the American West,http://collections.theautry.org/mwebcgi/mweb.exe?request=record;id=M600504;type=101
2005.16.1,http://collections.theautry.org/MWEBimages/cat08_021/thumb/T2005_65_1DetailC.jpg,6,detail 3,Image courtesy of Autry Museum of the American West,http://collections.theautry.org/mwebcgi/mweb.exe?request=record;id=M600504;type=101
2005.22.1,http://collections.theautry.org/MWEBimages/cat08_021/thumb/2005_22_1.jpg,1,,Image courtesy of Autry Museum of the American West,http://collections.theautry.org/mwebcgi/mweb.exe?request=record;id=M600503;type=101
2005.43.1,http://collections.theautry.org/MWEBimages/cat08_026/thumb/2005_43_1_1-2.jpg,1,,Image courtesy of Autry Museum of the American West,http://collections.theautry.org/mwebcgi/mweb.exe?request=record;id=M600526;type=101
2006.15.1,http://collections.theautry.org/MWEBimages/cat08_026/thumb/2006_15_1.jpg,1,,Image courtesy of Autry Museum of the American West,http://collections.theautry.org/mwebcgi/mweb.exe?request=record;id=M605442;type=101
2006.21.1,http://collections.theautry.org/MWEBimages/archival_016/thumb/2006_21_1.jpg,1,,Image courtesy of Autry Museum of the American West,http://collections.theautry.org/mwebcgi/mweb.exe?request=record;id=M605719;type=101
2006.36.1,http://collections.theautry.org/MWEBimages/cat08_022/thumb/2006_36_1.jpg,1,,Image courtesy of Autry Museum of the American West,http://collections.theautry.org/mwebcgi/mweb.exe?request=record;id=M605367;type=101
2006.65.1,http://collections.theautry.org/MWEBimages/cat08_022/thumb/2006_65_1.jpg,1,,Image courtesy of Autry Museum of the American West,http://collections.theautry.org/mwebcgi/mweb.exe?request=record;id=M607855;type=101
2006.71.1,http://collections.theautry.org/MWEBimages/cat08_025/thumb/2006_71_1.jpg,1,,Image courtesy of Autry Museum of the American West,http://collections.theautry.org/mwebcgi/mweb.exe?request=record;id=M590417;type=101
2006.89.1,http://collections.theautry.org/MWEBimages/cat08_022/thumb/2006_89_1.jpg,1,,"Image courtesy of Southwest Museum of the American Indian Collection, Autry Museum of the American West",http://collections.theautry.org/mwebcgi/mweb.exe?request=record;id=M609966;type=101
2008.34.1,http://collections.theautry.org/MWEBimages/cat08_023/thumb/2008_34_1.jpg,1,,Image courtesy of Autry Museum of the American West,http://collections.theautry.org/mwebcgi/mweb.exe?request=record;id=M619802;type=101
2008.34.2,http://collections.theautry.org/MWEBimages/cat08_022/thumb/2008_34_2.jpg,1,,Image courtesy of Autry Museum of the American West,http://collections.theautry.org/mwebcgi/mweb.exe?request=record;id=M619803;type=101
2008.34.3,http://collections.theautry.org/MWEBimages/ethnographic_019/thumb/2008_34_3.jpg,1,,Image courtesy of Autry Museum of the American West,http://collections.theautry.org/mwebcgi/mweb.exe?request=record;id=M619804;type=101
2008.34.3,http://collections.theautry.org/MWEBimages/ethnographic_019/thumb/2008_34_3detail2.jpg,2,,Image courtesy of Autry Museum of the American West,http://collections.theautry.org/mwebcgi/mweb.exe?request=record;id=M619804;type=101
2008.34.3,http://collections.theautry.org/MWEBimages/ethnographic_019/thumb/2008_34_3detail1.jpg,3,,Image courtesy of Autry Museum of the American West,http://collections.theautry.org/mwebcgi/mweb.exe?request=record;id=M619804;type=101
2008.34.3,http://collections.theautry.org/MWEBimages/ethnographic_019/thumb/2008_34_3detail3.jpg,4,,Image courtesy of Autry Museum of the American West,http://collections.theautry.org/mwebcgi/mweb.exe?request=record;id=M619804;type=101
2008.48.1,http://collections.theautry.org/MWEBimages/cat08_022/thumb/2008_48_1.jpg,1,,Image courtesy of Autry Museum of the American West,http://collections.theautry.org/mwebcgi/mweb.exe?request=record;id=M611830;type=101
2008.59.1,http://collections.theautry.org/MWEBimages/ethnographic_019/thumb/2008_59_1detail1.jpg,1,view 1,"Image courtesy of Southwest Museum of the American Indian Collection, Autry Museum of the American West",http://collections.theautry.org/mwebcgi/mweb.exe?request=record;id=M620885;type=101
2008.59.1,http://collections.theautry.org/MWEBimages/ethnographic_019/thumb/2008_59_1.jpg,2,view 2,"Image courtesy of Southwest Museum of the American Indian Collection, Autry Museum of the American West",http://collections.theautry.org/mwebcgi/mweb.exe?request=record;id=M620885;type=101
2008.59.1,http://collections.theautry.org/MWEBimages/ethnographic_019/thumb/2008_59_1detail2.jpg,3,view 3,"Image courtesy of Southwest Museum of the American Indian Collection, Autry Museum of the American West",http://collections.theautry.org/mwebcgi/mweb.exe?request=record;id=M620885;type=101
2008.59.1,http://collections.theautry.org/MWEBimages/ethnographic_019/thumb/2008_59_1detail3.jpg,4,view 4,"Image courtesy of Southwest Museum of the American Indian Collection, Autry Museum of the American West",http://collections.theautry.org/mwebcgi/mweb.exe?request=record;id=M620885;type=101
2008.59.1,http://collections.theautry.org/MWEBimages/ethnographic_019/thumb/2008_59_1detail4.jpg,5,view 5,"Image courtesy of Southwest Museum of the American Indian Collection, Autry Museum of the American West",http://collections.theautry.org/mwebcgi/mweb.exe?request=record;id=M620885;type=101
2008.59.1,http://collections.theautry.org/MWEBimages/ethnographic_019/thumb/2008_59_1detail5.jpg,6,view 6,"Image courtesy of Southwest Museum of the American Indian Collection, Autry Museum of the American West",http://collections.theautry.org/mwebcgi/mweb.exe?request=record;id=M620885;type=101
2008.59.1,http://collections.theautry.org/MWEBimages/ethnographic_019/thumb/2008_59_1detail6.jpg,7,detail,"Image courtesy of Southwest Museum of the American Indian Collection, Autry Museum of the American West",http://collections.theautry.org/mwebcgi/mweb.exe?request=record;id=M620885;type=101
2009.77.1,http://collections.theautry.org/MWEBimages/cat08_024/thumb/LT2007_151_1.jpg,,,Image courtesy of Autry Museum of the American West,http://collections.theautry.org/mwebcgi/mweb.exe?request=record;id=M624181;type=101
2010.42.1,http://collections.theautry.org/MWEBimages/art_005/thumb/2010_42_1.jpg,1,,Image courtesy of Autry Museum of the American West,http://collections.theautry.org/mwebcgi/mweb.exe?request=record;id=M632110;type=101
2010.42.1,http://collections.theautry.org/MWEBimages/art_005/thumb/2010_42_1detail1.jpg,2,side view,Image courtesy of Autry Museum of the American West,http://collections.theautry.org/mwebcgi/mweb.exe?request=record;id=M632110;type=101
2010.42.1,http://collections.theautry.org/MWEBimages/art_005/thumb/2010_42_1detail2.jpg,3,detail,Image courtesy of Autry Museum of the American West,http://collections.theautry.org/mwebcgi/mweb.exe?request=record;id=M632110;type=101
2010.42.1,http://collections.theautry.org/MWEBimages/art_005/thumb/2010_42_1detail3.jpg,4,detail,Image courtesy of Autry Museum of the American West,http://collections.theautry.org/mwebcgi/mweb.exe?request=record;id=M632110;type=101
2010.47.1,http://collections.theautry.org/MWEBimages/cat08_022/thumb/LT2005_137_1.jpg,,,Image courtesy of Autry Museum of the American West,http://collections.theautry.org/mwebcgi/mweb.exe?request=record;id=M632915;type=101
2011.4.3,http://collections.theautry.org/MWEBimages/art_005/thumb/2011_4_3.jpg,1,,"Image courtesy of Southwest Museum of the American Indian Collection, Autry Museum of the American West",http://collections.theautry.org/mwebcgi/mweb.exe?request=record;id=M634367;type=101
2011.54.2,http://collections.theautry.org/MWEBimages/cat08_026/thumb/T2011_100_2.jpg,1,,Image courtesy of Autry Museum of the American West,http://collections.theautry.org/mwebcgi/mweb.exe?request=record;id=M640560;type=101
2011.54.2,http://collections.theautry.org/MWEBimages/cat08_026/thumb/T2011_100_2detail1.jpg,2,,Image courtesy of Autry Museum of the American West,http://collections.theautry.org/mwebcgi/mweb.exe?request=record;id=M640560;type=101
2011.54.2,http://collections.theautry.org/MWEBimages/cat08_026/thumb/T2011_100_2detail2.jpg,3,,Image courtesy of Autry Museum of the American West,http://collections.theautry.org/mwebcgi/mweb.exe?request=record;id=M640560;type=101
2011.54.2,http://collections.theautry.org/MWEBimages/cat08_026/thumb/T2011_100_2detail3.jpg,4,,Image courtesy of Autry Museum of the American West,http://collections.theautry.org/mwebcgi/mweb.exe?request=record;id=M640560;type=101
2011.54.2,http://collections.theautry.org/MWEBimages/cat08_026/thumb/T2011_100_2detail4.jpg,5,,Image courtesy of Autry Museum of the American West,http://collections.theautry.org/mwebcgi/mweb.exe?request=record;id=M640560;type=101
2011.54.2,http://collections.theautry.org/MWEBimages/cat08_026/thumb/T2011_100_2detail5.jpg,6,,Image courtesy of Autry Museum of the American West,http://collections.theautry.org/mwebcgi/mweb.exe?request=record;id=M640560;type=101
2011.54.2,http://collections.theautry.org/MWEBimages/cat08_026/thumb/T2011_100_2detail6.jpg,7,,Image courtesy of Autry Museum of the American West,http://collections.theautry.org/mwebcgi/mweb.exe?request=record;id=M640560;type=101
2012.5.1,http://collections.theautry.org/MWEBimages/cat08_026/thumb/2012_5_1.jpg,1,,Image courtesy of Autry Museum of the American West,http://collections.theautry.org/mwebcgi/mweb.exe?request=record;id=M643232;type=101
2012.17.1,http://collections.theautry.org/MWEBimages/Cat08_026/thumb/2012_17_1.jpg,1,,Image courtesy of Autry Museum of the American West,http://collections.theautry.org/mwebcgi/mweb.exe?request=record;id=M624233;type=101
2012.18.1,http://collections.theautry.org/MWEBimages/art_004/thumb/2012_18_1.jpg,1,,Image courtesy of Autry Museum of the American West,http://collections.theautry.org/mwebcgi/mweb.exe?request=record;id=M644769;type=101
2012.37.1,http://collections.theautry.org/MWEBimages/cat08_026/thumb/2012_37_1.jpg,1,,Image courtesy of Autry Museum of the American West,http://collections.theautry.org/mwebcgi/mweb.exe?request=record;id=M645299;type=101
2012.37.2,http://collections.theautry.org/MWEBimages/cat08_026/thumb/2012_37_2.jpg,1,,Image courtesy of Autry Museum of the American West,http://collections.theautry.org/mwebcgi/mweb.exe?request=record;id=M645310;type=101
2012.37.3,http://collections.theautry.org/MWEBimages/cat08_026/thumb/2012_37_3.jpg,1,,Image courtesy of Autry Museum of the American West,http://collections.theautry.org/mwebcgi/mweb.exe?request=record;id=M645321;type=101
2012.37.4,http://collections.theautry.org/MWEBimages/Cat08_025/thumb/2012_37_4.jpg,1,,Image courtesy of Autry Museum of the American West,http://collections.theautry.org/mwebcgi/mweb.exe?request=record;id=M645332;type=101
2012.37.5,http://collections.theautry.org/MWEBimages/cat08_026/thumb/2012_37_5.jpg,1,,Image courtesy of Autry Museum of the American West,http://collections.theautry.org/mwebcgi/mweb.exe?request=record;id=M645301;type=101
2012.37.5,http://collections.theautry.org/MWEBimages/cat08_026/thumb/2012_37_5detail1.jpg,2,view 1,Image courtesy of Autry Museum of the American West,http://collections.theautry.org/mwebcgi/mweb.exe?request=record;id=M645301;type=101
2012.37.5,http://collections.theautry.org/MWEBimages/cat08_026/thumb/2012_37_5detail2.jpg,3,view 2,Image courtesy of Autry Museum of the American West,http://collections.theautry.org/mwebcgi/mweb.exe?request=record;id=M645301;type=101
2012.37.5,http://collections.theautry.org/MWEBimages/cat08_026/thumb/2012_37_5detail3.jpg,4,view 3,Image courtesy of Autry Museum of the American West,http://collections.theautry.org/mwebcgi/mweb.exe?request=record;id=M645301;type=101
2012.37.5,http://collections.theautry.org/MWEBimages/cat08_026/thumb/2012_37_5detail4.jpg,5,view 4,Image courtesy of Autry Museum of the American West,http://collections.theautry.org/mwebcgi/mweb.exe?request=record;id=M645301;type=101
2012.37.5,http://collections.theautry.org/MWEBimages/cat08_026/thumb/2012_37_5detail5.jpg,6,view 5,Image courtesy of Autry Museum of the American West,http://collections.theautry.org/mwebcgi/mweb.exe?request=record;id=M645301;type=101
2012.37.5,http://collections.theautry.org/MWEBimages/cat08_026/thumb/2012_37_5detail6.jpg,7,view 6,Image courtesy of Autry Museum of the American West,http://collections.theautry.org/mwebcgi/mweb.exe?request=record;id=M645301;type=101
2012.37.5,http://collections.theautry.org/MWEBimages/cat08_026/thumb/2012_37_5detail7.jpg,8,view 7,Image courtesy of Autry Museum of the American West,http://collections.theautry.org/mwebcgi/mweb.exe?request=record;id=M645301;type=101
2012.37.7,http://collections.theautry.org/MWEBimages/Cat08_025/thumb/2012_37_7.jpg,1,view 1,Image courtesy of Autry Museum of the American West,http://collections.theautry.org/mwebcgi/mweb.exe?request=record;id=M645306;type=101
2012.37.7,http://collections.theautry.org/MWEBimages/Cat08_025/thumb/2012_37_7detail1.jpg,2,view 2,Image courtesy of Autry Museum of the American West,http://collections.theautry.org/mwebcgi/mweb.exe?request=record;id=M645306;type=101
2012.37.7,http://collections.theautry.org/MWEBimages/Cat08_025/thumb/2012_37_7detail2.jpg,3,view 3,Image courtesy of Autry Museum of the American West,http://collections.theautry.org/mwebcgi/mweb.exe?request=record;id=M645306;type=101
2012.37.7,http://collections.theautry.org/MWEBimages/Cat08_025/thumb/2012_37_7detail3.jpg,4,view 4,Image courtesy of Autry Museum of the American West,http://collections.theautry.org/mwebcgi/mweb.exe?request=record;id=M645306;type=101
2012.37.7,http://collections.theautry.org/MWEBimages/Cat08_025/thumb/2012_37_7detail4.jpg,5,view 5,Image courtesy of Autry Museum of the American West,http://collections.theautry.org/mwebcgi/mweb.exe?request=record;id=M645306;type=101
2012.37.8,http://collections.theautry.org/MWEBimages/cat08_026/thumb/2012_37_8.jpg,1,,Image courtesy of Autry Museum of the American West,http://collections.theautry.org/mwebcgi/mweb.exe?request=record;id=M645307;type=101
2012.37.8,http://collections.theautry.org/MWEBimages/cat08_026/thumb/2012_37_8detail1.jpg,2,view 1,Image courtesy of Autry Museum of the American West,http://collections.theautry.org/mwebcgi/mweb.exe?request=record;id=M645307;type=101
2012.37.8,http://collections.theautry.org/MWEBimages/cat08_026/thumb/2012_37_8detail2.jpg,3,view 2,Image courtesy of Autry Museum of the American West,http://collections.theautry.org/mwebcgi/mweb.exe?request=record;id=M645307;type=101
2012.37.8,http://collections.theautry.org/MWEBimages/cat08_026/thumb/2012_37_8detail3.jpg,4,view 3,Image courtesy of Autry Museum of the American West,http://collections.theautry.org/mwebcgi/mweb.exe?request=record;id=M645307;type=101
2012.37.10,http://collections.theautry.org/MWEBimages/Cat08_025/thumb/2012_37_10.jpg,1,,Image courtesy of Autry Museum of the American West,http://collections.theautry.org/mwebcgi/mweb.exe?request=record;id=M645311;type=101
2012.37.12,http://collections.theautry.org/MWEBimages/cat08_026/thumb/2012_37_12.jpg,1,,Image courtesy of Autry Museum of the American West,http://collections.theautry.org/mwebcgi/mweb.exe?request=record;id=M645313;type=101
2012.37.13,http://collections.theautry.org/MWEBimages/cat08_026/thumb/2012_37_13.jpg,1,,Image courtesy of Autry Museum of the American West,http://collections.theautry.org/mwebcgi/mweb.exe?request=record;id=M645314;type=101
2012.37.14,http://collections.theautry.org/MWEBimages/Cat08_025/thumb/2012_37_14.jpg,1,,Image courtesy of Autry Museum of the American West,http://collections.theautry.org/mwebcgi/mweb.exe?request=record;id=M645315;type=101
2012.37.15,http://collections.theautry.org/MWEBimages/Cat08_025/thumb/2012_37_15.jpg,1,,Image courtesy of Autry Museum of the American West,http://collections.theautry.org/mwebcgi/mweb.exe?request=record;id=M645316;type=101
2012.37.17,http://collections.theautry.org/MWEBimages/cat08_026/thumb/2012_37_17.jpg,1,,Image courtesy of Autry Museum of the American West,http://collections.theautry.org/mwebcgi/mweb.exe?request=record;id=M645318;type=101
2012.37.18,http://collections.theautry.org/MWEBimages/cat08_026/thumb/2012_37_18.jpg,1,,Image courtesy of Autry Museum of the American West,http://collections.theautry.org/mwebcgi/mweb.exe?request=record;id=M645319;type=101
2012.37.19,http://collections.theautry.org/MWEBimages/cat08_026/thumb/2012_37_19.jpg,1,,Image courtesy of Autry Museum of the American West,http://collections.theautry.org/mwebcgi/mweb.exe?request=record;id=M645341;type=101
2012.37.20,http://collections.theautry.org/MWEBimages/cat08_026/thumb/2012_37_20detail4.jpg,1,,Image courtesy of Autry Museum of the American West,http://collections.theautry.org/mwebcgi/mweb.exe?request=record;id=M645342;type=101
2012.37.20,http://collections.theautry.org/MWEBimages/cat08_026/thumb/2012_37_20detail5.jpg,2,view 1,Image courtesy of Autry Museum of the American West,http://collections.theautry.org/mwebcgi/mweb.exe?request=record;id=M645342;type=101
2012.37.20,http://collections.theautry.org/MWEBimages/cat08_026/thumb/2012_37_20detail6.jpg,3,view 2,Image courtesy of Autry Museum of the American West,http://collections.theautry.org/mwebcgi/mweb.exe?request=record;id=M645342;type=101
2012.37.20,http://collections.theautry.org/MWEBimages/cat08_026/thumb/2012_37_20.jpg,4,view 3,Image courtesy of Autry Museum of the American West,http://collections.theautry.org/mwebcgi/mweb.exe?request=record;id=M645342;type=101
2012.37.20,http://collections.theautry.org/MWEBimages/cat08_026/thumb/2012_37_20detail1.jpg,5,view 4,Image courtesy of Autry Museum of the American West,http://collections.theautry.org/mwebcgi/mweb.exe?request=record;id=M645342;type=101
2012.37.20,http://collections.theautry.org/MWEBimages/cat08_026/thumb/2012_37_20detail2.jpg,6,view 5,Image courtesy of Autry Museum of the American West,http://collections.theautry.org/mwebcgi/mweb.exe?request=record;id=M645342;type=101
2012.37.20,http://collections.theautry.org/MWEBimages/cat08_026/thumb/2012_37_20detail3.jpg,6,view 6,Image courtesy of Autry Museum of the American West,http://collections.theautry.org/mwebcgi/mweb.exe?request=record;id=M645342;type=101
2012.37.22,http://collections.theautry.org/MWEBimages/cat08_026/thumb/2012_37_22.jpg,1,,Image courtesy of Autry Museum of the American West,http://collections.theautry.org/mwebcgi/mweb.exe?request=record;id=M645345;type=101
2012.37.23,http://collections.theautry.org/MWEBimages/cat08_026/thumb/2012_37_23.jpg,1,,Image courtesy of Autry Museum of the American West,http://collections.theautry.org/mwebcgi/mweb.exe?request=record;id=M645346;type=101
2012.37.23,http://collections.theautry.org/MWEBimages/cat08_026/thumb/2012_37_23detail1.jpg,2,view 1,Image courtesy of Autry Museum of the American West,http://collections.theautry.org/mwebcgi/mweb.exe?request=record;id=M645346;type=101
2012.37.23,http://collections.theautry.org/MWEBimages/cat08_026/thumb/2012_37_23detail2.jpg,3,view 2,Image courtesy of Autry Museum of the American West,http://collections.theautry.org/mwebcgi/mweb.exe?request=record;id=M645346;type=101
2012.37.23,http://collections.theautry.org/MWEBimages/cat08_026/thumb/2012_37_23detail3.jpg,4,view 3,Image courtesy of Autry Museum of the American West,http://collections.theautry.org/mwebcgi/mweb.exe?request=record;id=M645346;type=101
2012.37.23,http://collections.theautry.org/MWEBimages/cat08_026/thumb/2012_37_23detail4.jpg,5,view 4,Image courtesy of Autry Museum of the American West,http://collections.theautry.org/mwebcgi/mweb.exe?request=record;id=M645346;type=101
2012.37.23,http://collections.theautry.org/MWEBimages/cat08_026/thumb/2012_37_23detail5.jpg,6,view 5,Image courtesy of Autry Museum of the American West,http://collections.theautry.org/mwebcgi/mweb.exe?request=record;id=M645346;type=101
2012.37.24,http://collections.theautry.org/MWEBimages/cat08_026/thumb/2012_37_24.jpg,1,,Image courtesy of Autry Museum of the American West,http://collections.theautry.org/mwebcgi/mweb.exe?request=record;id=M645347;type=101
2012.37.25,http://collections.theautry.org/MWEBimages/Cat08_025/thumb/2012_37_25.jpg,1,,Image courtesy of Autry Museum of the American West,http://collections.theautry.org/mwebcgi/mweb.exe?request=record;id=M645348;type=101
2012.37.25,http://collections.theautry.org/MWEBimages/Cat08_025/thumb/2012_37_25detail3.jpg,2,view 1,Image courtesy of Autry Museum of the American West,http://collections.theautry.org/mwebcgi/mweb.exe?request=record;id=M645348;type=101
2012.37.25,http://collections.theautry.org/MWEBimages/Cat08_025/thumb/2012_37_25detail2.jpg,3,view 2,Image courtesy of Autry Museum of the American West,http://collections.theautry.org/mwebcgi/mweb.exe?request=record;id=M645348;type=101
2012.37.25,http://collections.theautry.org/MWEBimages/Cat08_025/thumb/2012_37_25detail1.jpg,4,,Image courtesy of Autry Museum of the American West,http://collections.theautry.org/mwebcgi/mweb.exe?request=record;id=M645348;type=101
2012.37.26,http://collections.theautry.org/MWEBimages/cat08_026/thumb/2012_37_26.jpg,1,,Image courtesy of Autry Museum of the American West,http://collections.theautry.org/mwebcgi/mweb.exe?request=record;id=M645349;type=101
2012.37.29,http://collections.theautry.org/MWEBimages/cat08_026/thumb/2012_37_29.jpg,1,,Image courtesy of Autry Museum of the American West,http://collections.theautry.org/mwebcgi/mweb.exe?request=record;id=M645367;type=101
2012.37.29,http://collections.theautry.org/MWEBimages/cat08_026/thumb/2012_37_29detail1.jpg,2,view 1,Image courtesy of Autry Museum of the American West,http://collections.theautry.org/mwebcgi/mweb.exe?request=record;id=M645367;type=101
2012.37.29,http://collections.theautry.org/MWEBimages/cat08_026/thumb/2012_37_29detail2.jpg,3,view 2,Image courtesy of Autry Museum of the American West,http://collections.theautry.org/mwebcgi/mweb.exe?request=record;id=M645367;type=101
2012.37.29,http://collections.theautry.org/MWEBimages/cat08_026/thumb/2012_37_29detail3.jpg,4,view 3,Image courtesy of Autry Museum of the American West,http://collections.theautry.org/mwebcgi/mweb.exe?request=record;id=M645367;type=101
2012.37.29,http://collections.theautry.org/MWEBimages/cat08_026/thumb/2012_37_29detail4.jpg,5,view 4,Image courtesy of Autry Museum of the American West,http://collections.theautry.org/mwebcgi/mweb.exe?request=record;id=M645367;type=101
2012.37.29,http://collections.theautry.org/MWEBimages/cat08_026/thumb/2012_37_29detail5.jpg,6,view 5,Image courtesy of Autry Museum of the American West,http://collections.theautry.org/mwebcgi/mweb.exe?request=record;id=M645367;type=101
2012.37.29,http://collections.theautry.org/MWEBimages/cat08_026/thumb/2012_37_29detail6.jpg,7,view 6,Image courtesy of Autry Museum of the American West,http://collections.theautry.org/mwebcgi/mweb.exe?request=record;id=M645367;type=101
2012.37.31,http://collections.theautry.org/MWEBimages/cat08_026/thumb/2012_37_31.jpg,1,,Image courtesy of Autry Museum of the American West,http://collections.theautry.org/mwebcgi/mweb.exe?request=record;id=M645370;type=101
2012.37.33,http://collections.theautry.org/MWEBimages/cat08_026/thumb/2012_37_33.jpg,1,,Image courtesy of Autry Museum of the American West,http://collections.theautry.org/mwebcgi/mweb.exe?request=record;id=M645372;type=101
2012.37.34,http://collections.theautry.org/MWEBimages/cat08_026/thumb/2012_37_34.jpg,1,,Image courtesy of Autry Museum of the American West,http://collections.theautry.org/mwebcgi/mweb.exe?request=record;id=M645373;type=101
2012.37.34,http://collections.theautry.org/MWEBimages/cat08_026/thumb/2012_37_34detail1.jpg,2,view 1,Image courtesy of Autry Museum of the American West,http://collections.theautry.org/mwebcgi/mweb.exe?request=record;id=M645373;type=101
2012.37.34,http://collections.theautry.org/MWEBimages/cat08_026/thumb/2012_37_34detail2.jpg,3,view 2,Image courtesy of Autry Museum of the American West,http://collections.theautry.org/mwebcgi/mweb.exe?request=record;id=M645373;type=101
2012.37.34,http://collections.theautry.org/MWEBimages/cat08_026/thumb/2012_37_34detail3.jpg,4,view 3,Image courtesy of Autry Museum of the American West,http://collections.theautry.org/mwebcgi/mweb.exe?request=record;id=M645373;type=101
2012.37.34,http://collections.theautry.org/MWEBimages/cat08_026/thumb/2012_37_34detail4.jpg,5,view 4,Image courtesy of Autry Museum of the American West,http://collections.theautry.org/mwebcgi/mweb.exe?request=record;id=M645373;type=101
2012.37.35,http://collections.theautry.org/MWEBimages/art_006/thumb/2012_37_35detail5.jpg,1,view 1,Image courtesy of Autry Museum of the American West,http://collections.theautry.org/mwebcgi/mweb.exe?request=record;id=M645374;type=101
2012.37.35,http://collections.theautry.org/MWEBimages/art_006/thumb/2012_37_35detail6.jpg,2,view 2,Image courtesy of Autry Museum of the American West,http://collections.theautry.org/mwebcgi/mweb.exe?request=record;id=M645374;type=101
2012.37.35,http://collections.theautry.org/MWEBimages/art_006/thumb/2012_37_35detail7.jpg,3,view 3,Image courtesy of Autry Museum of the American West,http://collections.theautry.org/mwebcgi/mweb.exe?request=record;id=M645374;type=101
2012.37.35,http://collections.theautry.org/MWEBimages/art_006/thumb/2012_37_35detail8.jpg,4,view 4,Image courtesy of Autry Museum of the American West,http://collections.theautry.org/mwebcgi/mweb.exe?request=record;id=M645374;type=101
2012.37.35,http://collections.theautry.org/MWEBimages/art_006/thumb/2012_37_35.jpg,5,view 5,Image courtesy of Autry Museum of the American West,http://collections.theautry.org/mwebcgi/mweb.exe?request=record;id=M645374;type=101
2012.37.35,http://collections.theautry.org/MWEBimages/art_006/thumb/2012_37_35detail1.jpg,6,view 6,Image courtesy of Autry Museum of the American West,http://collections.theautry.org/mwebcgi/mweb.exe?request=record;id=M645374;type=101
2012.37.35,http://collections.theautry.org/MWEBimages/art_006/thumb/2012_37_35detail2.jpg,7,view 7,Image courtesy of Autry Museum of the American West,http://collections.theautry.org/mwebcgi/mweb.exe?request=record;id=M645374;type=101
2012.37.35,http://collections.theautry.org/MWEBimages/art_006/thumb/2012_37_35detail3.jpg,8,view 8,Image courtesy of Autry Museum of the American West,http://collections.theautry.org/mwebcgi/mweb.exe?request=record;id=M645374;type=101
2012.37.35,http://collections.theautry.org/MWEBimages/art_006/thumb/2012_37_35detail4.jpg,9,view 9,Image courtesy of Autry Museum of the American West,http://collections.theautry.org/mwebcgi/mweb.exe?request=record;id=M645374;type=101
2012.37.39,http://collections.theautry.org/MWEBimages/cat08_026/thumb/2012_37_39.jpg,1,,Image courtesy of Autry Museum of the American West,http://collections.theautry.org/mwebcgi/mweb.exe?request=record;id=M645379;type=101
2012.37.42,http://collections.theautry.org/MWEBimages/art_006/thumb/2012_37_42.jpg,1,view 1,Image courtesy of Autry Museum of the American West,http://collections.theautry.org/mwebcgi/mweb.exe?request=record;id=M645383;type=101
2012.37.42,http://collections.theautry.org/MWEBimages/art_006/thumb/2012_37_42detail1.jpg,2,view 2,Image courtesy of Autry Museum of the American West,http://collections.theautry.org/mwebcgi/mweb.exe?request=record;id=M645383;type=101
2012.37.42,http://collections.theautry.org/MWEBimages/art_006/thumb/2012_37_42detail2.jpg,3,view 3,Image courtesy of Autry Museum of the American West,http://collections.theautry.org/mwebcgi/mweb.exe?request=record;id=M645383;type=101
2012.37.42,http://collections.theautry.org/MWEBimages/art_006/thumb/2012_37_42detail3.jpg,4,view 4,Image courtesy of Autry Museum of the American West,http://collections.theautry.org/mwebcgi/mweb.exe?request=record;id=M645383;type=101
2012.37.43,http://collections.theautry.org/MWEBimages/art_006/thumb/2012_37_43.jpg,1,view 1,Image courtesy of Autry Museum of the American West,http://collections.theautry.org/mwebcgi/mweb.exe?request=record;id=M645385;type=101
2012.37.43,http://collections.theautry.org/MWEBimages/art_006/thumb/2012_37_43detail1.jpg,2,view 2,Image courtesy of Autry Museum of the American West,http://collections.theautry.org/mwebcgi/mweb.exe?request=record;id=M645385;type=101
2012.37.43,http://collections.theautry.org/MWEBimages/art_006/thumb/2012_37_43detail2.jpg,3,view 3,Image courtesy of Autry Museum of the American West,http://collections.theautry.org/mwebcgi/mweb.exe?request=record;id=M645385;type=101
2012.37.43,http://collections.theautry.org/MWEBimages/art_006/thumb/2012_37_43detail3.jpg,4,view 4,Image courtesy of Autry Museum of the American West,http://collections.theautry.org/mwebcgi/mweb.exe?request=record;id=M645385;type=101
2012.37.43,http://collections.theautry.org/MWEBimages/art_006/thumb/2012_37_43detail4.jpg,5,view 5,Image courtesy of Autry Museum of the American West,http://collections.theautry.org/mwebcgi/mweb.exe?request=record;id=M645385;type=101
2012.37.44,http://collections.theautry.org/MWEBimages/Cat08_025/thumb/2012_37_44.jpg,1,view 1,Image courtesy of Autry Museum of the American West,http://collections.theautry.org/mwebcgi/mweb.exe?request=record;id=M645386;type=101
2012.37.44,http://collections.theautry.org/MWEBimages/Cat08_025/thumb/2012_37_44detail1.jpg,2,view 2,Image courtesy of Autry Museum of the American West,http://collections.theautry.org/mwebcgi/mweb.exe?request=record;id=M645386;type=101
2012.37.44,http://collections.theautry.org/MWEBimages/Cat08_025/thumb/2012_37_44detail2.jpg,3,view 3,Image courtesy of Autry Museum of the American West,http://collections.theautry.org/mwebcgi/mweb.exe?request=record;id=M645386;type=101
2012.37.44,http://collections.theautry.org/MWEBimages/Cat08_025/thumb/2012_37_44detail3.jpg,4,view 4,Image courtesy of Autry Museum of the American West,http://collections.theautry.org/mwebcgi/mweb.exe?request=record;id=M645386;type=101
2012.37.44,http://collections.theautry.org/MWEBimages/Cat08_025/thumb/2012_37_44detail4.jpg,5,view 5,Image courtesy of Autry Museum of the American West,http://collections.theautry.org/mwebcgi/mweb.exe?request=record;id=M645386;type=101
2012.37.44,http://collections.theautry.org/MWEBimages/Cat08_025/thumb/2012_37_44detail5.jpg,6,view 6,Image courtesy of Autry Museum of the American West,http://collections.theautry.org/mwebcgi/mweb.exe?request=record;id=M645386;type=101
2012.37.44,http://collections.theautry.org/MWEBimages/Cat08_025/thumb/2012_37_44detail6.jpg,7,view 7,Image courtesy of Autry Museum of the American West,http://collections.theautry.org/mwebcgi/mweb.exe?request=record;id=M645386;type=101
2013.27.1,http://collections.theautry.org/MWEBimages/basketry_030/thumb/2013_27_1.jpg,1,,"Image courtesy of Southwest Museum of the American Indian Collection, Autry Museum of the American West",http://collections.theautry.org/mwebcgi/mweb.exe?request=record;id=M650804;type=101
2013.33.1,http://collections.theautry.org/MWEBimages/basketry_031/thumb/2013_33_1-2.jpg,1,,"Image courtesy of Southwest Museum of the American Indian Collection, Autry Museum of the American West",http://collections.theautry.org/mwebcgi/mweb.exe?request=record;id=M652107;type=101
2013.33.1,http://collections.theautry.org/MWEBimages/basketry_031/thumb/2013_33_1-2detail1.jpg,2,lid detail,"Image courtesy of Southwest Museum of the American Indian Collection, Autry Museum of the American West",http://collections.theautry.org/mwebcgi/mweb.exe?request=record;id=M652107;type=101
2013.33.1,http://collections.theautry.org/MWEBimages/basketry_031/thumb/2013_33_1-2detail2.jpg,3,base view,"Image courtesy of Southwest Museum of the American Indian Collection, Autry Museum of the American West",http://collections.theautry.org/mwebcgi/mweb.exe?request=record;id=M652107;type=101
2013.46.1,http://collections.theautry.org/MWEBimages/cat08_026/thumb/LT2004_72_1.jpg,,,Image courtesy of Autry Museum of the American West,http://collections.theautry.org/mwebcgi/mweb.exe?request=record;id=M596677;type=101
2014.5.1,http://collections.theautry.org/MWEBimages/Cat08_026/thumb/2014_5_1.jpg,1,,Image courtesy of Autry Museum of the American West,http://collections.theautry.org/mwebcgi/mweb.exe?request=record;id=M653246;type=101
2014.22.1,http://collections.theautry.org/MWEBimages/art_006/thumb/2014_22_1.jpg,1,,Image courtesy of Autry Museum of the American West,http://collections.theautry.org/mwebcgi/mweb.exe?request=record;id=M637286;type=101
2014.34.1,http://collections.theautry.org/MWEBimages/art_006/thumb/2014_34_1.jpg,1,,Image courtesy of Autry Museum of the American West,http://collections.theautry.org/mwebcgi/mweb.exe?request=record;id=M655928;type=101
2015.5.1,http://collections.theautry.org/MWEBimages/art_006/thumb/2015_5_1.jpg,1,view 1,Image courtesy of Autry Museum of the American West,http://collections.theautry.org/mwebcgi/mweb.exe?request=record;id=M657775;type=101
2015.5.1,http://collections.theautry.org/MWEBimages/art_006/thumb/2015_5_1detail1.jpg,2,view 2,Image courtesy of Autry Museum of the American West,http://collections.theautry.org/mwebcgi/mweb.exe?request=record;id=M657775;type=101
2015.5.1,http://collections.theautry.org/MWEBimages/art_006/thumb/2015_5_1detail2.jpg,3,view 3,Image courtesy of Autry Museum of the American West,http://collections.theautry.org/mwebcgi/mweb.exe?request=record;id=M657775;type=101
2015.5.1,http://collections.theautry.org/MWEBimages/art_006/thumb/2015_5_1detail7.jpg,4,view 4,Image courtesy of Autry Museum of the American West,http://collections.theautry.org/mwebcgi/mweb.exe?request=record;id=M657775;type=101
2015.5.1,http://collections.theautry.org/MWEBimages/art_006/thumb/2015_5_1detail6.jpg,5,view 5,Image courtesy of Autry Museum of the American West,http://collections.theautry.org/mwebcgi/mweb.exe?request=record;id=M657775;type=101
2015.5.1,http://collections.theautry.org/MWEBimages/art_006/thumb/2015_5_1detail5.jpg,6,view 6,Image courtesy of Autry Museum of the American West,http://collections.theautry.org/mwebcgi/mweb.exe?request=record;id=M657775;type=101
2015.5.1,http://collections.theautry.org/MWEBimages/art_006/thumb/2015_5_1detail4.jpg,7,view 7,Image courtesy of Autry Museum of the American West,http://collections.theautry.org/mwebcgi/mweb.exe?request=record;id=M657775;type=101
2015.6.1,http://collections.theautry.org/MWEBimages/art_006/thumb/2015_6_1.jpg,1,,Image courtesy of Autry Museum of the American West,http://collections.theautry.org/mwebcgi/mweb.exe?request=record;id=M657771;type=101
2015.12.1,http://collections.theautry.org/MWEBimages/art_006/thumb/2015_12_1.jpg,1,,Image courtesy of Autry Museum of the American West,http://collections.theautry.org/mwebcgi/mweb.exe?request=record;id=M657798;type=101
2015.12.2,http://collections.theautry.org/MWEBimages/art_006/thumb/2015_12_2.jpg,1,,Image courtesy of Autry Museum of the American West,http://collections.theautry.org/mwebcgi/mweb.exe?request=record;id=M657799;type=101
2015.21.1,http://collections.theautry.org/MWEBimages/art_006/thumb/LT2013_127_1.jpg,,,Image courtesy of Autry Museum of the American West,http://collections.theautry.org/mwebcgi/mweb.exe?request=record;id=M652120;type=101
2015.25.1,http://collections.theautry.org/MWEBimages/art_006/thumb/T2015_51_1.jpg,1,,Image courtesy of Autry Museum of the American West,http://collections.theautry.org/mwebcgi/mweb.exe?request=record;id=M658100;type=101
3023.G.49,http://collections.theautry.org/MWEBimages/cat08_026/thumb/3023_G_49.jpg,1,,"Image courtesy of Southwest Museum of the American Indian Collection, Autry Museum of the American West",http://collections.theautry.org/mwebcgi/mweb.exe?request=record;id=M293978;type=101
4088.G.1,http://collections.theautry.org/MWEBimages/art_005/thumb/4088_G_1.jpg,1,,"Image courtesy of Braun Research Library Collection, Autry Museum of the American West",http://collections.theautry.org/mwebcgi/mweb.exe?request=record;id=M241602;type=101
4088.G.2,http://collections.theautry.org/MWEBimages/art_005/thumb/4088_G_2.jpg,1,,"Image courtesy of Braun Research Library Collection, Autry Museum of the American West",http://collections.theautry.org/mwebcgi/mweb.exe?request=record;id=M241604;type=101
4088.G.3,http://collections.theautry.org/MWEBimages/art_005/thumb/4088_G_3.jpg,1,,"Image courtesy of Braun Research Library Collection, Autry Museum of the American West",http://collections.theautry.org/mwebcgi/mweb.exe?request=record;id=M241606;type=101
4088.G.4,http://collections.theautry.org/MWEBimages/art_005/thumb/4088_G_4.jpg,1,,"Image courtesy of Braun Research Library Collection, Autry Museum of the American West",http://collections.theautry.org/mwebcgi/mweb.exe?request=record;id=M241607;type=101
4088.G.5,http://collections.theautry.org/MWEBimages/art_005/thumb/4088_G_5.jpg,1,,"Image courtesy of Braun Research Library Collection, Autry Museum of the American West",http://collections.theautry.org/mwebcgi/mweb.exe?request=record;id=M241610;type=101
4088.G.9,http://collections.theautry.org/MWEBimages/art_005/thumb/4088_G_9.jpg,1,,"Image courtesy of Braun Research Library Collection, Autry Museum of the American West",http://collections.theautry.org/mwebcgi/mweb.exe?request=record;id=M241619;type=101
